24119240733545,0.088834,0.039824,-0.006623
24119260814118,0.080314,0.015329,-0.023663
24119280925159,0.093094,-0.024076,-0.027923
24119301066774,0.194269,-0.012361,-0.006623
24119321177868,0.132499,0.119699,-0.036443
24119341319482,-0.029381,0.077099,0.010417
24119361430576,-0.066656,-0.044311,0.127567
24119381572138,-0.075176,-0.174241,0.139282
24119401683232,-0.013406,-0.080521,0.064732
24119421855368,0.092029,-0.054961,-0.015143
24119441935940,0.226219,-0.083716,-0.016208
24119462108024,0.362539,-0.099691,-0.026858
24119482188597,0.394489,-0.124186,-0.034313
24119502360732,0.181489,-0.158266,-0.017273
24119522471826,0.128239,-0.119926,-0.107798
24119542613440,0.245389,-0.202996,-0.181283
24119562724482,0.324199,-0.197671,-0.140813
24119582866097,0.257104,-0.206191,-0.120578
24119602977190,-0.001691,-0.204061,-0.051353
24119623149326,-0.193391,-0.181696,-0.035378
24119643229847,-0.358466,-0.199801,-0.084368
24119663401982,-0.397871,-0.247726,-0.137618
24119683482555,-0.513956,-0.346771,-0.104603
24119703654690,-0.642821,-0.447946,-0.055613
24119723765784,-0.551231,-0.573616,-0.057743
24119743907347,-0.394676,-0.721651,0.001897
24119764018440,-0.265811,-0.794071,0.040237
24119784190576,-0.208301,-0.871816,-0.038573
24119804271149,-0.459641,-1.001746,-0.032183
24119824473753,-0.870731,-1.112506,0.057277
24119844554326,-1.092251,-1.260541,0.048757
24119864726461,-1.206206,-1.369171,-0.098213
24119883993388,-1.117811,-1.439461,-0.293108
24119904134951,-0.587441,-1.384081,-0.528473
24119924246045,0.096289,-1.293556,-0.436883
24119944387659,0.699079,-1.312726,-0.059873
24119964498753,1.152769,-1.049671,-0.083303
24119984640368,1.268854,-0.990031,-0.284588
24120004751409,0.753394,-1.053931,-0.236663
24120024923545,-0.259421,-1.185991,-0.081173
24120045004118,-1.171061,-1.234981,-0.109928
24120065176253,-1.173191,-1.117831,-0.376178
24120085256774,-0.624716,-1.052866,-0.424103
24120105428909,-0.038966,-0.927196,-0.247313
24120125540003,0.079249,-0.856906,-0.194063
24120145681618,-0.099671,-0.806851,-0.252638
24120165792711,-0.210431,-0.687571,-0.241988
24120185934274,-0.065591,-0.553381,-0.162113
24120206045368,-0.013406,-0.427711,-0.081173
24120226217503,-0.119906,-0.295651,-0.044963
24120246298076,-0.311606,-0.257311,0.004027
24120266470159,-0.299891,-0.212581,-0.020468
24120286550732,0.002569,-0.115666,-0.048158
24120306722868,0.268819,-0.020881,-0.050288
24120326833961,0.227284,-0.014491,-0.053483
24120346945055,-0.017666,-0.128446,-0.040703
24120367086618,-0.260486,-0.127381,0.000832
24120387228232,-0.310541,-0.026206,-0.008753
24120407369847,-0.174221,0.002549,-0.013013
24120427480940,-0.103931,-0.013426,0.041302
24120447591982,-0.042161,0.028109,0.017872
24120467733597,-0.016601,0.046214,-0.024728
24120487875211,0.054754,0.016394,-0.006623
24120507986305,0.050494,0.016394,-0.032183
24120528127868,-0.002756,-0.018751,-0.036443
24120548269482,-0.031511,-0.018751,-0.020468
24120568380576,-0.010211,0.000419,-0.027923
24120588522190,-0.012341,0.018524,-0.003428
24120608663805,-0.035771,0.051539,0.009352
24120628805368,-0.038966,0.078164,0.002962
24120648916461,0.027064,0.060059,0.025327
24120669027555,0.086704,0.061124,0.040237
24120689169170,0.104809,0.102659,0.029587
24120709341253,0.098419,0.088814,0.015742
24120729421826,0.072859,0.069644,0.026392
24120749593961,0.016414,0.087749,0.012547
24120769674534,-0.049616,0.063254,0.011482
24120789846618,-0.038966,0.030239,0.020002
24120809957711,-0.031511,0.028109,0.022132
24120830099326,-0.037901,0.048344,0.022132
24120850210420,-0.047486,0.007874,0.007222
24120870352034,-0.010211,-0.010231,0.022132
24120890615628,0.050494,0.032369,0.028522
24120910787763,0.081379,0.024914,0.039172
24120930868336,0.089899,0.049409,0.048757
24120951040472,0.054754,0.040889,0.056212
24120971121045,-0.008081,0.017459,0.059407
24120991262607,-0.070916,0.020654,0.051952
24121011373701,-0.068786,0.015329,0.041302
24121031545836,-0.028316,-0.001711,0.033847
24121051656930,0.019609,0.019589,0.014677
24121071798493,0.038779,0.018524,-0.007688
24121091909586,0.040909,0.025979,-0.000233
24121112081722,0.044104,0.024914,-0.004493
24121132162295,0.018544,0.010004,-0.003428
24121152334378,0.003634,0.002549,0.007222
24121172445472,0.000439,0.007874,-0.001298
24121192587086,-0.008081,0.012134,-0.014078
24121212698180,-0.062396,0.003614,-0.020468
24121232809274,-0.067721,-0.028336,-0.019403
24121252920315,-0.029381,0.003614,-0.022598
24121273092451,0.027064,-0.000646,-0.028988
24121293173024,0.030259,0.011069,-0.005558
24121313345159,-0.051746,-0.000646,-0.008753
24121333456201,-0.110321,-0.037921,0.008287
24121353628336,-0.062396,-0.038986,0.014677
24121373739430,0.024934,-0.010231,0.000832
24121393881045,0.086704,0.011069,0.007222
24121413992138,0.061144,-0.012361,0.031717
24121434133701,0.011089,-0.007036,0.034912
24121454244795,-0.030446,0.016394,0.018937
24121474386409,-0.003821,0.016394,0.022132
24121494497503,-0.001691,0.005744,0.035977
24121514669586,0.004699,0.028109,0.033847
24121534750159,-0.012341,0.038759,0.010417
24121554922295,-0.034706,0.003614,0.014677
24121575033388,-0.005951,0.003614,0.011482
24121595174951,0.055819,0.028109,0.012547
24121615286045,0.079249,0.037694,0.022132
24121635427659,0.104809,0.006809,0.027457
24121655538753,0.055819,-0.000646,0.042367
24121675710888,-0.031511,0.024914,0.047692
24121695791409,-0.190196,0.015329,0.039172
24121715963545,-0.228536,-0.027271,0.035977
24121736074638,-0.120971,-0.025141,0.038107
24121756216253,0.048364,-0.019816,0.031717
24121776327295,0.147409,-0.005971,0.009352
24121796468909,0.144214,-0.001711,-0.013013
24121816580003,0.061144,-0.024076,-0.007688
24121836721618,-0.033641,-0.017686,0.004027
24121856832711,-0.085826,-0.015556,0.002962
24121876974274,-0.042161,-0.011296,0.002962
24121897082763,0.028129,-0.021946,0.008287
24121917224378,0.078184,-0.015556,0.004027
24121937365993,0.073924,-0.013426,0.006157
24121957507555,0.014284,-0.031531,0.017872
24121977618649,-0.042161,-0.032596,0.009352
24121997729743,-0.044291,-0.034726,0.011482
24122017871357,0.016414,-0.010231,0.011482
24122038012972,0.028129,-0.007036,0.012547
24122058124013,0.059014,0.002549,0.017872
24122078265628,0.054754,0.003614,0.008287
24122098376722,0.032389,0.006809,0.009352
24122118518336,-0.019796,0.003614,0.021067
24122138659899,-0.022991,-0.007036,0.017872
24122158770993,-0.017666,-0.001711,0.020002
24122178912607,0.010024,-0.032596,0.015742
24122199023701,0.043039,-0.007036,0.015742
24122219165315,0.078184,0.007874,0.024262
24122239337399,0.111199,0.006809,0.048757
24122259448493,0.137824,-0.002776,0.060472
24122279590107,0.137824,-0.002776,0.066862
24122299701201,0.100549,0.018524,0.062602
24122319842763,0.008959,0.003614,0.062602
24122339923336,-0.059201,0.000419,0.050887
24122360125993,-0.101801,-0.017686,0.035977
24122380206565,-0.035771,-0.025141,0.027457
24122400348128,0.051559,-0.001711,0.012547
24122420459222,0.097354,0.010004,-0.006623
24122440600836,0.056884,0.008939,-0.011948
24122460742451,-0.047486,-0.028336,-0.004493
24122480884065,-0.098606,-0.026206,-0.002363
24122500995107,-0.070916,-0.013426,-0.005558
24122521167243,-0.002756,-0.016621,0.006157
24122541247815,-0.013406,-0.024076,0.030652
24122561358909,-0.036836,-0.008101,0.033847
24122581470003,-0.051746,-0.005971,0.039172
24122601642086,-0.022991,0.029174,0.066862
24122621753180,-0.018731,0.018524,0.037042
24122641894795,0.002569,0.036629,0.048757
24122662005888,-0.035771,0.046214,0.048757
24122682147451,-0.085826,0.051539,0.040237
24122702258545,-0.117776,0.060059,0.073252
24122722430680,-0.157181,0.072839,0.095617
24122742541774,-0.182741,0.107984,0.099877
24122762683336,-0.244511,0.131414,0.122242
24122782763909,-0.338231,0.163364,0.196792
24122802936045,-0.386156,0.230459,0.227677
24122823047138,-0.277526,0.265604,0.174427
24122843188753,-0.124166,0.266669,0.128632
24122863299795,-0.014471,0.269864,0.104137
24122883471930,-0.051746,0.246434,0.071122
24122903605940,-0.128426,0.195314,0.049822
24122923778076,-0.153986,0.144194,0.053017
24122943858597,-0.090086,0.106919,0.050887
24122964030732,0.010024,0.100529,0.041302
24122984141826,0.095224,0.051539,0.040237
24123004283440,0.098419,0.017459,0.073252
24123024425003,0.014284,0.017459,0.072187
24123044536097,-0.089021,-0.010231,0.066862
24123064677711,-0.130556,-0.013426,0.081772
24123084788805,-0.099671,-0.020881,0.066862
24123104899899,-0.031511,-0.019816,0.054082
24123125071982,-0.004886,0.000419,0.048757
24123145183076,-0.000626,0.015329,0.034912
24123165324690,0.007894,0.032369,0.020002
24123185466305,-0.014471,0.015329,0.031717
24123205577347,-0.007016,0.003614,0.034912
24123225718961,0.027064,0.015329,0.021067
24123245830055,0.076054,0.028109,-0.000233
24123265971670,0.078184,0.029174,-0.010883
24123286113284,0.055819,0.020654,0.002962
24123306224326,0.017479,0.016394,0.008287
24123326365940,0.004699,0.014264,0.006157
24123346477034,-0.004886,0.015329,0.006157
24123366618649,-0.010211,-0.004906,0.011482
24123386760211,0.036649,-0.007036,0.008287
24123406871305,0.059014,-0.002776,0.001897
24123426982399,0.055819,-0.018751,0.004027
24123447154534,0.037714,-0.023011,0.006157
24123467235107,0.008959,-0.027271,0.015742
24123487437711,0.007894,-0.020881,0.010417
24123507518284,-0.017666,-0.016621,0.011482
24123527690420,0.006829,-0.012361,0.011482
24123547770993,0.051559,0.003614,0.008287
24123567943076,0.064339,0.003614,0.009352
24123588054170,0.038779,0.000419,0.021067
24123608195784,0.000439,-0.010231,0.029587
24123628306878,-0.031511,-0.010231,0.029587
24123648448440,-0.024056,-0.023011,0.033847
24123668559534,0.012154,0.002549,0.033847
24123688731670,-0.020861,0.021719,0.027457
24123708812243,-0.066656,-0.009166,0.026392
24123728953857,-0.089021,-0.007036,0.038107
24123749064899,-0.092216,-0.003841,0.042367
24123769237034,-0.025121,0.020654,0.020002
24123789317607,0.050494,-0.019816,0.011482
24123809489743,0.076054,-0.020881,0.011482
24123829570315,0.005764,-0.012361,-0.011948
24123849742399,-0.052811,-0.014491,-0.016208
24123869853493,-0.050681,-0.041116,0.006157
24123889995107,0.039844,-0.019816,0.011482
24123910388753,0.083509,0.006809,-0.007688
24123930530315,0.060079,0.013199,0.006157
24123950641409,-0.004886,-0.017686,0.011482
24123970813545,-0.018731,-0.027271,0.014677
24123990894118,-0.015536,0.000419,0.004027
24124011066201,-0.018731,0.008939,0.001897
24124031146774,-0.030446,-0.015556,0.023197
24124051318909,-0.011276,-0.021946,0.028522
24124071430003,0.011089,-0.009166,0.010417
24124091571618,-0.009146,-0.010231,0.000832
24124111682659,-0.035771,-0.000646,-0.009818
24124131854795,-0.031511,-0.019816,-0.016208
24124151935368,0.008959,-0.054961,0.006157
24124172107503,0.028129,-0.043246,-0.008753
24124192188024,0.001504,0.002549,-0.048158
24124212360159,-0.025121,0.004679,-0.044963
24124232471253,-0.035771,-0.008101,-0.013013
24124252612868,-0.024056,0.000419,-0.019403
24124272723961,0.012154,0.008939,-0.022598
24124292865524,0.045169,0.024914,-0.020468
24124313007138,0.032389,0.015329,-0.019403
24124333118232,-0.010211,-0.005971,-0.011948
24124353229326,-0.027251,0.000419,-0.005558
24124373401409,-0.035771,-0.010231,-0.000233
24124393512503,-0.020861,-0.016621,0.008287
24124413654118,0.016414,-0.034726,0.013612
24124433765211,0.034519,-0.013426,0.017872
24124453906774,0.033454,-0.017686,0.008287
24124474048388,-0.004886,-0.033661,0.024262
24124494159482,-0.030446,-0.018751,0.026392
24124514301097,-0.009146,-0.019816,-0.003428
24124534442711,-0.012341,-0.010231,-0.003428
24124554553753,-0.002756,-0.002776,-0.003428
24124574695368,-0.007016,0.004679,-0.007688
24124594806461,-0.000626,0.011069,0.002962
24124614948076,0.032389,-0.004906,-0.006623
24124635089638,0.013219,-0.001711,-0.016208
24124655200732,-0.031511,0.001484,-0.016208
24124675342347,-0.062396,-0.008101,-0.014078
24124695483961,-0.026186,-0.004906,-0.005558
24124715625524,0.046234,0.016394,-0.014078
24124735706097,0.055819,0.021719,-0.014078
24124755847711,0.005764,0.017459,-0.013013
24124775989326,-0.042161,0.011069,-0.011948
24124796130940,-0.028316,0.011069,-0.010883
24124816241982,-0.000626,0.040889,-0.018338
24124836383597,0.014284,0.038759,-0.011948
24124856494690,0.028129,0.017459,-0.004493
24124876636305,0.039844,0.012134,-0.002363
24124896777868,0.004699,0.005744,-0.015143
24124917022763,-0.046421,-0.017686,0.002962
24124937164378,-0.036836,-0.026206,0.006157
24124957305993,0.030259,-0.020881,-0.010883
24124977417086,0.034519,-0.012361,-0.005558
24124997528128,-0.001691,0.001484,-0.009818
24125017669743,-0.052811,0.008939,-0.020468
24125037780836,-0.042161,0.029174,-0.025793
24125057952972,0.019609,0.053669,-0.046028
24125078033545,0.032389,0.055799,-0.056678
24125098236149,0.002569,0.036629,-0.039638
24125118316722,-0.029381,0.040889,-0.046028
24125138488857,-0.010211,0.039824,-0.058808
24125158599951,-0.001691,0.015329,-0.052418
24125178741513,-0.005951,0.020654,-0.041768
24125198852607,-0.011276,0.041954,-0.063068
24125218994222,0.022804,0.022784,-0.063068
24125239105315,0.037714,0.030239,-0.040703
24125259277399,-0.016601,0.020654,-0.035378
24125279357972,-0.052811,0.035564,-0.038573
24125299499586,-0.017666,0.025979,-0.039638
24125319610680,0.049429,0.001484,-0.028988
24125339752295,0.070729,0.000419,-0.034313
24125359863336,0.003634,0.008939,-0.040703
24125380035472,-0.058136,-0.005971,-0.027923
24125400116045,-0.060266,-0.003841,-0.013013
24125420288180,0.022804,0.016394,-0.011948
24125440368701,0.074989,0.049409,-0.042833
24125460540836,0.037714,0.043019,-0.043898
24125480651930,-0.007016,0.030239,-0.035378
24125500793545,-0.021926,0.038759,-0.051353
24125520904638,-0.045356,0.070709,-0.071588
24125541076722,-0.013406,0.085619,-0.069458
24125561187815,0.010024,0.076034,-0.044963
24125581329430,-0.001691,0.086684,-0.054548
24125601440524,-0.044291,0.083489,-0.057743
24125621582086,-0.064526,0.097334,-0.054548
24125641693180,-0.079436,0.115439,-0.055613
24125661834795,-0.102866,0.118634,-0.053483
24125681976409,-0.162506,0.177209,-0.055613
24125702087451,-0.187001,0.231524,-0.095018
24125722198545,-0.103931,0.233654,-0.088628
24125742370680,-0.083696,0.208094,-0.065198
24125762451253,-0.036836,0.212354,-0.092888
24125782623388,-0.009146,0.196379,-0.109928
24125802734430,0.034519,0.113309,-0.049223
24125822876045,0.056884,0.116504,0.030652
24125842987138,-0.024056,0.104789,0.022132
24125863159274,-0.078371,0.089879,0.017872
24125883239795,-0.120971,0.105854,0.060472
24125903411930,-0.104996,0.165494,0.034912
24125923758961,-0.043226,0.174014,-0.003428
24125943931097,0.018544,0.097334,0.119047
24125964042190,0.002569,0.116504,0.108397
24125984183753,-0.097541,0.252824,-0.144008
24126004294847,-0.104996,0.031304,-0.087563
24126024436461,-0.115646,0.070709,0.041302
24126044578076,-0.028316,0.128219,-0.098213
24126064719638,-0.032576,0.160169,-0.134423
24126084830732,-0.051746,0.096269,-0.066263
24126104972347,0.085639,0.064319,-0.036443
24126125083440,0.112264,0.089879,-0.048158
24126145225003,0.035584,0.106919,-0.070523
24126165366618,-0.048551,0.092009,-0.058808
24126185477711,0.047299,0.050474,-0.019403
24126205619326,0.217699,0.058994,-0.006623
24126225730420,0.311419,0.071774,-0.020468
24126245871982,0.265624,0.064319,-0.011948
24126266013597,0.062209,0.018524,0.016807
24126286094170,-0.077306,0.018524,0.045562
24126306266305,-0.035771,0.040889,0.022132
24126326377347,0.121849,0.104789,-0.023663
24126346549482,0.234739,0.089879,-0.034313
24126366630055,0.244324,0.046214,0.015742
24126386771670,0.210244,0.012134,0.029587
24126406882763,0.074989,0.027044,0.023197
24126427054847,-0.014471,0.046214,0.032782
24126447135420,-0.020861,0.067514,0.067927
24126467307555,0.001504,0.092009,0.068992
24126487388128,-0.067721,0.092009,0.086032
24126507560211,-0.204041,0.098399,0.114787
24126527701826,-0.294566,0.099464,0.086032
24126547843440,-0.171026,0.087749,0.054082
24126567954534,-0.014471,0.102659,0.033847
24126588096097,0.053689,0.093074,-0.011948
24126608207190,-0.027251,0.079229,-0.031118
24126628379326,-0.181676,0.032369,-0.025793
24126648459899,-0.183806,-0.000646,-0.014078
24126668632034,-0.044291,0.046214,-0.005558
24126688712555,-0.031511,0.043019,-0.025793
24126708884690,-0.054941,0.024914,-0.010883
24126728995784,-0.009146,0.006809,0.027457
24126749137399,0.076054,0.034499,0.033847
24126769217972,0.145279,0.035564,0.023197
24126789390055,0.194269,0.031304,0.018937
24126809470628,0.169774,0.004679,0.010417
24126829642763,0.242194,-0.002776,-0.020468
24126849753857,0.385969,0.037694,-0.055613
24126869895420,0.553174,0.056864,-0.098213
24126890006513,0.673519,0.050474,-0.124838
24126910178649,0.641569,0.037694,-0.117383
24126930359430,0.476494,0.041954,-0.080108
24126950531513,0.227284,0.049409,-0.033248
24126970612086,0.014284,0.034499,-0.018338
24126990784222,0.018544,0.035564,-0.031118
24127010895315,0.084574,0.034499,-0.047093
24127031036930,0.192139,0.055799,-0.065198
24127051147972,0.256039,0.080294,-0.072653
24127071320107,0.275209,0.050474,-0.066263
24127091400680,0.191074,-0.000646,-0.051353
24127111572815,0.055819,-0.002776,-0.042833
24127131683857,-0.075176,-0.001711,-0.056678
24127151825472,-0.103931,-0.018751,-0.053483
24127171936565,-0.027251,-0.011296,-0.041768
24127192078180,0.108004,0.012134,-0.046028
24127212189274,0.196399,0.034499,-0.054548
24127232330836,0.228349,0.037694,-0.035378
24127252441930,0.151669,0.021719,-0.000233
24127272614065,0.006829,-0.018751,0.025327
24127292694638,-0.120971,-0.012361,0.025327
24127312866722,-0.134816,-0.010231,-0.000233
24127332977815,-0.028316,-0.007036,-0.005558
24127353119430,0.072859,-0.002776,0.013612
24127373230524,0.059014,-0.009166,0.016807
24127393372086,-0.029381,-0.012361,0.010417
24127413483180,-0.060266,-0.005971,-0.011948
24127433655315,0.017479,0.019589,-0.025793
24127453735888,0.136759,0.024914,-0.038573
24127473908024,0.172969,0.013199,-0.037508
24127494019065,0.081379,0.004679,-0.021533
24127514160680,-0.036836,0.001484,-0.007688
24127534241253,-0.109256,-0.020881,0.002962
24127554413388,-0.043226,-0.015556,0.002962
24127574524430,0.050494,0.015329,-0.014078
24127594666045,0.092029,0.025979,-0.022598
24127614777138,0.057949,0.015329,-0.009818
24127634949274,0.015349,0.012134,0.000832
24127655029847,-0.032576,-0.000646,-0.002363
24127675201930,-0.053876,-0.000646,0.000832
24127695282503,-0.050681,0.002549,-0.009818
24127715454638,-0.021926,0.007874,-0.021533
24127735565732,0.040909,0.005744,-0.027923
24127755707295,0.088834,0.022784,-0.028988
24127775818388,0.064339,0.035564,-0.025793
24127795990524,0.037714,0.015329,-0.030053
24127816071097,0.020674,-0.011296,-0.017273
24127836243180,0.014284,-0.001711,-0.005558
24127856323753,-0.010211,0.008939,-0.015143
24127876495888,-0.015536,0.011069,-0.009818
24127896606982,-0.005951,0.010004,0.001897
24127916748597,-0.008081,0.012134,0.000832
24127936905107,0.008959,0.011069,-0.003428
24127957046722,0.025999,0.003614,-0.002363
24127977157815,0.014284,-0.003841,-0.005558
24127997329951,0.028129,0.002549,-0.011948
24128017410524,0.016414,0.020654,0.005092
24128037582607,0.015349,0.017459,-0.003428
24128057693701,0.016414,0.002549,-0.002363
24128077835315,0.007894,-0.002776,0.004027
24128097946409,0.023869,0.006809,-0.011948
24128118087972,0.056884,0.007874,-0.016208
24128138229586,0.057949,0.006809,-0.005558
24128158371201,0.030259,0.005744,-0.002363
24128178482295,-0.011276,-0.001711,-0.002363
24128198654378,-0.038966,-0.009166,0.005092
24128218734951,0.012154,-0.004906,-0.005558
24128238907086,0.051559,0.012134,-0.005558
24128259018180,0.051559,-0.000646,-0.004493
24128279159743,0.033454,-0.005971,-0.010883
24128299270836,0.032389,-0.007036,-0.008753
24128319412451,0.027064,-0.003841,-0.001298
24128339493024,0.012154,0.003614,0.000832
24128359665159,-0.004886,-0.014491,0.001897
24128379776201,-0.022991,0.008939,0.010417
24128399917815,-0.048551,-0.002776,-0.009818
24128420028909,-0.025121,0.003614,0.004027
24128440048440,0.006829,0.004679,0.011482
24128460129013,0.015349,-0.017686,0.001897
24128480209586,-0.018731,-0.011296,0.008287
24128500229118,-0.045356,-0.004906,-0.001298
24128520279170,-0.028316,0.001484,-0.002363
24128540359743,0.012154,0.010004,-0.001298
24128560440263,0.037714,0.008939,-0.011948
24128580429274,0.004699,0.007874,-0.000233
24128600448805,-0.031511,-0.009166,0.006157
24128620468336,-0.015536,-0.005971,0.008287
24128640518388,0.018544,-0.000646,0.013612
24128660598961,0.062209,-0.003841,0.034912
24128680679534,0.055819,-0.021946,0.033847
24128700790628,-0.049616,-0.026206,0.024262
24128720932243,-0.081566,-0.023011,0.023197
24128741073805,-0.026186,-0.011296,0.002962
24128761245940,0.038779,-0.001711,-0.011948
24128781418076,0.066469,0.002549,-0.008753
24128801620680,0.017479,0.002549,-0.011948
24128821853857,-0.030446,-0.012361,-0.009818
24128842087034,0.008959,-0.007036,-0.011948
24128862350680,0.045169,0.001484,-0.015143
24128882614378,0.049429,0.000419,-0.007688
24128902878024,0.017479,-0.007036,0.002962
24128923141722,-0.026186,-0.007036,0.005092
24128943340003,-0.042161,-0.014491,0.002962
24128963481618,-0.011276,0.003614,0.000832
24128983623232,0.020674,0.010004,-0.015143
24129003734274,0.050494,0.005744,-0.013013
24129023875888,0.011089,-0.005971,0.001897
24129043986982,-0.027251,-0.018751,0.004027
24129064159118,-0.032576,-0.009166,-0.001298
24129084239690,-0.010211,-0.021946,-0.003428
24129104411774,0.043039,-0.007036,-0.000233
24129124492347,0.046234,0.006809,-0.005558
24129144664482,0.008959,0.015329,-0.005558
24129164775576,-0.014471,0.004679,0.000832
24129184917138,-0.032576,-0.014491,0.005092
24129205028232,-0.034706,-0.015556,-0.005558
24129225169847,0.010024,-0.007036,-0.020468
24129245280940,0.071794,0.006809,-0.014078
24129265453024,0.076054,0.017459,-0.003428
24129285533597,0.020674,0.013199,-0.005558
24129305705732,-0.010211,0.003614,0.002962
24129325816826,-0.034706,-0.007036,0.015742
24129345958440,-0.051746,-0.009166,0.021067
24129366069482,-0.047486,-0.015556,0.010417
24129386211097,0.008959,0.005744,0.000832
24129406322190,0.049429,0.020654,-0.010883
24129426494326,0.074989,0.029174,-0.011948
24129446605368,0.053689,0.015329,-0.005558
24129466746982,-0.020861,0.002549,0.022132
24129486827555,-0.068786,-0.000646,0.032782
24129506999690,-0.081566,0.012134,0.020002
24129527110784,-0.011276,0.008939,-0.005558
24129547252347,0.055819,0.007874,-0.014078
24129567393961,0.061144,0.001484,-0.017273
24129587505055,0.055819,0.011069,-0.019403
24129607646670,0.024934,0.005744,-0.019403
24129627818753,0.024934,-0.010231,-0.010883
24129647899326,0.006829,-0.004906,0.011482
24129668040940,-0.029381,-0.004906,0.005092
24129688029951,-0.031511,0.001484,0.007222
24129708018961,-0.008081,-0.000646,0.016807
24129728160576,0.012154,-0.008101,0.007222
24129748302190,0.022804,-0.008101,-0.013013
24129768413232,0.010024,-0.003841,-0.018338
24129788554847,0.000439,-0.020881,-0.004493
24129808696461,0.001504,-0.013426,0.000832
24129828868597,0.008959,-0.013426,-0.001298
24129849040680,-0.000626,-0.016621,0.007222
24129869243336,-0.021926,-0.002776,0.008287
24129889506982,-0.011276,0.008939,-0.009818
24129909618076,-0.004886,-0.002776,-0.004493
24129929759690,-0.003821,-0.007036,-0.000233
24129949773128,-0.005951,-0.002776,0.001897
24129969914690,0.020674,-0.001711,-0.006623
24129990025784,0.044104,-0.011296,0.006157
24130010197920,0.030259,-0.002776,0.001897
24130030278493,-0.005951,0.003614,-0.007688
24130050450628,0.013219,-0.000646,-0.013013
24130070561670,0.024934,0.007874,-0.013013
24130090703284,-0.001691,0.000419,-0.005558
24130110814378,-0.036836,-0.008101,0.009352
24130130955993,-0.040031,-0.010231,0.015742
24130151067034,-0.028316,0.003614,0.001897
24130171239170,-0.008081,0.005744,-0.006623
24130191319743,0.030259,0.004679,-0.005558
24130211491878,0.030259,0.002549,-0.001298
24130231602972,-0.016601,0.001484,0.000832
24130251744534,-0.031511,-0.000646,0.008287
24130271855628,-0.019796,-0.002776,0.011482
24130291997243,0.003634,0.004679,0.009352
24130312108336,0.002569,0.017459,0.005092
24130332280420,-0.005951,-0.000646,0.006157
24130352360993,-0.026186,-0.009166,0.014677
24130372533128,-0.033641,-0.008101,0.012547
24130392461097,-0.027251,-0.003841,0.009352
24130412419586,-0.019796,0.006809,0.005092
24130432561201,-0.015536,0.005744,0.009352
24130452580732,-0.004886,0.005744,-0.000233
24130472630784,-0.020861,0.002549,0.008287
24130492650315,-0.024056,0.000419,0.004027
24130512791930,-0.028316,0.005744,0.008287
24130532933493,-0.017666,-0.007036,0.007222
24130553105628,-0.000626,-0.010231,0.006157
24130573277763,0.006829,0.006809,0.007222
24130593480368,0.017479,0.008939,-0.014078
24130613713545,0.022804,0.003614,-0.009818
24130633946722,-0.001691,0.004679,0.000832
24130654210368,-0.032576,0.000419,-0.000233
24130674443545,-0.044291,-0.004906,0.015742
24130694615628,-0.012341,-0.027271,0.021067
24130714696201,0.025999,-0.004906,0.018937
24130734868336,0.037714,0.017459,-0.005558
24130754979430,0.012154,0.008939,-0.008753
24130775120993,-0.017666,0.000419,0.012547
24130795232086,-0.033641,-0.014491,-0.002363
24130815373701,-0.013406,-0.008101,-0.007688
24130835484795,0.048364,0.012134,-0.013013
24130855656878,0.080314,0.007874,-0.009818
24130875737451,0.020674,0.003614,0.009352
24130895909586,-0.050681,0.003614,0.008287
24130915990159,-0.087956,0.001484,0.010417
24130936162295,-0.044291,-0.013426,0.006157
24130956564482,0.027064,-0.003841,0.009352
24130976706097,0.029194,0.002549,-0.005558
24130996817190,0.005764,0.003614,-0.011948
24131016958805,-0.020861,-0.002776,-0.000233
24131037069899,-0.005951,-0.003841,-0.001298
24131057211461,0.016414,-0.002776,-0.007688
24131077322555,0.003634,0.000419,-0.001298
24131097494690,-0.010211,-0.002776,0.006157
24131117636305,-0.022991,-0.007036,0.000832
24131137716826,-0.007016,-0.004906,0.007222
24131157858440,0.012154,-0.000646,-0.000233
24131177969534,0.027064,-0.009166,-0.007688
24131198111149,0.041974,-0.003841,-0.010883
24131218252711,0.033454,-0.010231,-0.002363
24131238363805,0.003634,-0.014491,-0.002363
24131258505420,0.006829,-0.012361,0.001897
24131278616513,0.001504,-0.014491,-0.000233
24131298788649,0.005764,-0.018751,0.002962
24131318899690,0.018544,-0.005971,0.002962
24131339071826,0.039844,0.000419,-0.001298
24131359152399,0.033454,0.005744,0.000832
24131379324534,0.007894,-0.014491,-0.018338
24131399435576,-0.021926,-0.010231,-0.008753
24131419577190,-0.019796,-0.021946,-0.006623
24131439688284,-0.004886,-0.015556,-0.004493
24131459829899,0.057949,-0.002776,0.000832
24131479940993,0.057949,-0.010231,-0.001298
24131500113076,0.005764,0.005744,0.012547
24131520193649,-0.063461,0.004679,0.001897
24131540365784,-0.074111,-0.000646,0.005092
24131560476878,-0.028316,-0.013426,-0.001298
24131580618440,0.035584,-0.018751,-0.002363
24131600729534,0.079249,0.000419,-0.010883
24131620871149,0.086704,0.001484,-0.014078
24131640982243,0.072859,-0.001711,-0.011948
24131661154326,0.016414,-0.004906,0.000832
24131681234899,-0.050681,-0.002776,-0.001298
24131701407034,-0.059201,-0.007036,-0.008753
24131721487607,-0.047486,-0.015556,0.006157
24131741659743,-0.015536,-0.005971,-0.001298
24131761770784,0.002569,0.006809,-0.019403
24131781912399,0.048364,0.004679,-0.019403
24131802084534,0.051559,-0.007036,-0.000233
24131822043024,-0.032576,-0.019816,0.008287
24131842001513,-0.083696,-0.013426,-0.002363
24131862112607,-0.038966,0.005744,-0.010883
24131882223701,0.057949,0.002549,-0.006623
24131902395784,0.066469,-0.010231,0.008287
24131922567920,-0.001691,-0.004906,0.007222
24131942770576,-0.060266,0.002549,-0.006623
24131962984222,-0.034706,-0.007036,-0.008753
24131983186878,0.021739,-0.008101,-0.005558
24132003328493,0.052624,0.004679,-0.014078
24132023439534,0.038779,0.008939,-0.020468
24132043581149,-0.015536,-0.010231,-0.000233
24132063692243,-0.063461,-0.020881,0.013612
24132083864378,-0.038966,-0.004906,0.004027
24132103944951,0.003634,0.006809,-0.000233
24132124117034,0.023869,0.007874,0.001897
24132144197607,0.005764,-0.011296,0.006157
24132164339222,-0.017666,-0.019816,0.008287
24132184480836,-0.004886,0.002549,0.000832
24132204622399,0.022804,0.005744,-0.016208
24132224733493,0.032389,-0.010231,-0.018338
24132244875107,0.016414,-0.008101,-0.006623
24132264986201,0.002569,-0.002776,-0.006623
24132285158284,-0.010211,-0.001711,-0.001298
24132305238857,0.004699,-0.032596,0.016807
24132325410993,-0.019796,-0.021946,0.031717
24132345522086,-0.036836,0.003614,0.001897
24132365663701,-0.021926,0.022784,-0.015143
24132385774743,0.019609,0.007874,-0.014078
24132405916357,0.039844,-0.008101,-0.002363
24132426027451,0.031324,-0.005971,-0.007688
24132446199586,0.023869,0.002549,-0.010883
24132466280107,0.031324,0.000419,0.006157
24132486421722,0.014284,0.005744,0.022132
24132506532815,-0.025121,-0.003841,0.011482
24132526674430,-0.053876,-0.005971,0.008287
24132546846513,-0.036836,-0.017686,-0.008753
24132566927086,0.052624,-0.014491,-0.016208
24132587068701,0.118654,0.011069,-0.011948
24132607271357,0.063274,0.005744,-0.013013
24132627229847,-0.035771,-0.009166,0.005092
24132647218857,-0.099671,-0.023011,0.007222
24132667390993,-0.053876,-0.015556,0.000832
24132687410524,0.023869,-0.005971,-0.006623
24132707430055,0.068599,0.004679,-0.008753
24132727449586,0.060079,0.003614,-0.006623
24132747621670,0.017479,-0.008101,-0.004493
24132767793805,-0.008081,-0.010231,0.005092
24132787996461,-0.018731,-0.007036,0.013612
24132808229586,-0.018731,-0.008101,0.012547
24132828462763,-0.009146,-0.004906,0.002962
24132848726409,0.006829,0.002549,-0.007688
24132868929065,0.031324,0.005744,-0.014078
24132889009638,0.046234,0.001484,-0.006623
24132909181722,0.021739,0.000419,-0.004493
24132929292815,-0.022991,-0.002776,-0.000233
24132949434430,-0.044291,-0.008101,0.007222
24132969604118,-0.034706,-0.013426,0.004027
24132989776201,0.028129,-0.000646,0.004027
24133009856774,0.036649,-0.000646,-0.002363
24133029998388,0.014284,-0.015556,-0.003428
24133050140003,-0.002756,-0.010231,-0.003428
24133070281618,0.010024,-0.005971,-0.017273
24133090392659,0.034519,0.007874,-0.013013
24133110534274,0.045169,0.012134,-0.007688
24133130645368,-0.004886,-0.010231,0.007222
24133150817503,-0.035771,-0.013426,0.016807
24133170898076,-0.010211,-0.005971,0.001897
24133191070159,0.004699,0.003614,-0.002363
24133211181253,0.010024,0.004679,-0.004493
24133231322868,-0.004886,0.001484,0.009352
24133251433961,-0.005951,-0.005971,0.008287
24133271575524,-0.031511,-0.014491,0.002962
24133291686618,0.008959,0.005744,-0.003428
24133311858753,0.032389,0.017459,-0.009818
24133331939326,0.024934,0.002549,-0.002363
24133352111409,-0.010211,0.001484,0.016807
24133372191982,-0.056006,-0.015556,0.010417
24133392364118,-0.049616,-0.024076,0.000832
24133412475211,0.044104,-0.000646,-0.009818
24133432616826,0.116524,0.000419,-0.014078
24133452727868,0.090964,0.021719,-0.001298
24133472869482,-0.029381,0.007874,0.005092
24133492980576,-0.119906,-0.013426,0.010417
24133513152711,-0.084761,-0.023011,0.009352
24133533233232,0.018544,-0.000646,0.011482
24133553405368,0.053689,0.016394,0.000832
24133573485940,0.010024,0.007874,-0.000233
24133593658076,-0.047486,-0.007036,-0.010883
24133613769170,-0.018731,0.005744,-0.009818
24133633910732,0.018544,0.014264,-0.014078
24133654021826,0.011089,0.004679,-0.005558
24133674193961,-0.028316,-0.010231,0.011482
24133694274534,-0.062396,-0.018751,0.025327
24133714446618,-0.025121,-0.013426,0.012547
24133734527190,0.043039,0.003614,-0.014078
24133754699326,0.088834,0.003614,-0.021533
24133774810420,0.064339,0.002549,-0.008753
24133794951982,-0.001691,0.001484,0.012547
24133815063076,-0.049616,-0.008101,0.009352
24133835265732,-0.070916,-0.013426,0.008287
24133855193701,-0.040031,-0.007036,-0.002363
24133875121670,0.034519,-0.008101,-0.006623
24133895263284,0.084574,-0.008101,-0.004493
24133915435420,0.074989,0.002549,-0.006623
24133935607503,0.004699,-0.004906,-0.009818
24133955810159,-0.022991,-0.002776,0.004027
24133976096618,-0.009146,-0.002776,0.009352
24133996299222,0.007894,0.000419,-0.004493
24134016440836,0.007894,-0.004906,0.000832
24134036551930,-0.000626,-0.008101,0.012547
24134056663024,-0.002756,0.000419,0.006157
24134076804586,0.017479,-0.004906,-0.018338
24134096946201,0.030259,0.003614,-0.009818
24134117057295,0.015349,0.007874,-0.003428
24134137198909,-0.014471,0.007874,0.004027
24134157340472,-0.037901,-0.008101,0.020002
24134177451565,-0.034706,-0.020881,0.022132
24134197593180,-0.032576,-0.009166,0.014677
24134217704274,-0.011276,0.010004,-0.010883
24134237845888,0.001504,0.004679,-0.005558
24134257987451,0.024934,0.002549,-0.004493
24134278098545,0.027064,-0.007036,-0.010883
24134298240159,0.038779,-0.002776,-0.011948
24134318351253,0.047299,0.013199,-0.004493
24134338523336,0.023869,0.010004,0.001897
24134358634430,-0.012341,0.002549,0.004027
24134378806565,-0.024056,0.025979,0.006157
24134398887138,-0.028316,0.025979,-0.007688
24134419059222,-0.030446,-0.004906,0.010417
24134439139795,-0.014471,-0.012361,0.020002
24134459311930,-0.028316,-0.010231,-0.002363
24134479423024,-0.018731,-0.001711,-0.005558
24134499564638,-0.000626,-0.001711,-0.000233
24134519675680,0.013219,-0.003841,-0.002363
24134539878336,-0.000626,-0.005971,0.000832
24134559806305,-0.017666,-0.000646,0.001897
24134579764795,-0.016601,-0.009166,-0.002363
24134599936930,-0.010211,-0.005971,0.001897
24134619925940,0.010024,-0.007036,-0.001298
24134639945472,0.036649,-0.000646,-0.002363
24134659934482,0.020674,0.000419,0.004027
24134680106618,-0.013406,-0.002776,0.002962
24134700278701,-0.019796,-0.003841,0.001897
24134720481357,0.005764,-0.004906,0.001897
24134740714534,0.008959,-0.008101,0.005092
24134760947659,0.010024,-0.008101,-0.009818
24134781211357,0.040909,0.004679,-0.013013
24134801475003,0.065404,0.005744,-0.014078
24134821647138,0.031324,-0.002776,-0.007688
24134841758232,-0.057071,-0.008101,0.005092
24134861930315,-0.090086,-0.025141,0.020002
24134882010888,-0.056006,-0.010231,0.026392
24134902183024,0.012154,-0.012361,0.020002
24134922263597,0.022804,0.001484,0.008287
24134942435732,0.014284,0.010004,-0.005558
24134962546774,-0.017666,0.001484,-0.002363
24134983198649,-0.026186,-0.011296,0.013612
24135003309743,-0.016601,0.007874,0.011482
24135023481878,-0.008081,0.007874,0.008287
24135043562399,-0.013406,-0.000646,0.016807
24135063734534,-0.014471,-0.017686,0.006157
24135083815107,-0.004886,-0.004906,0.002962
24135103987243,0.004699,0.005744,-0.008753
24135124067815,0.025999,0.011069,-0.014078
24135144239899,0.035584,-0.004906,-0.007688
24135164350993,0.028129,-0.004906,0.008287
24135184492607,-0.022991,-0.010231,-0.000233
24135204603701,-0.056006,-0.010231,0.001897
24135224775784,-0.020861,-0.009166,0.002962
24135244856357,0.023869,0.003614,-0.000233
24135265028493,0.035584,0.001484,-0.007688
24135285109065,0.017479,0.003614,-0.006623
24135305281149,-0.007016,-0.008101,-0.003428
24135325392243,-0.003821,-0.005971,-0.001298
24135345533857,0.025999,0.002549,0.002962
24135365644951,0.019609,-0.000646,0.006157
24135385817086,-0.007016,-0.007036,0.007222
24135405897607,-0.027251,-0.008101,0.006157
24135426069743,0.004699,-0.010231,-0.002363
24135446150315,0.036649,-0.005971,-0.006623
24135466322451,0.022804,-0.001711,-0.001298
24135486433493,0.012154,0.008939,-0.001298
24135506544586,-0.002756,-0.005971,-0.013013
24135526686201,0.013219,-0.011296,-0.008753
24135546797295,-0.005951,-0.000646,-0.003428
24135566969430,-0.007016,-0.007036,-0.002363
24135587110993,-0.002756,-0.002776,0.005092
24135607191565,0.005764,-0.018751,0.013612
24135627333180,-0.009146,-0.000646,0.009352
24135647474795,0.000439,0.007874,-0.006623
24135667585836,0.005764,0.000419,-0.002363
24135687727451,-0.009146,-0.009166,0.005092
24135707869065,-0.029381,-0.009166,-0.000233
24135727980159,0.008959,-0.010231,-0.009818
24135748121774,0.057949,-0.003841,-0.001298
24135768232815,0.082444,0.007874,0.000832
24135788374430,0.003634,0.008939,0.005092
24135808516045,-0.041096,-0.005971,0.009352
24135828688180,-0.078371,-0.015556,0.010417
24135848768701,-0.037901,-0.023011,-0.006623
24135868940836,0.030259,-0.008101,-0.003428
24135889021409,0.063274,0.004679,-0.003428
24135909193545,0.031324,0.004679,-0.013013
24135929304586,-0.001691,-0.002776,-0.001298
24135949446201,-0.027251,-0.008101,0.010417
24135969557295,-0.038966,-0.011296,0.011482
24135989933909,-0.048551,-0.009166,-0.001298
24136010014482,-0.009146,-0.009166,-0.003428
24136030186565,0.047299,0.013199,-0.008753
24136050267138,0.039844,0.000419,-0.006623
24136070439274,0.007894,-0.008101,0.001897
24136090550368,-0.025121,-0.003841,0.004027
24136110691930,-0.008081,-0.008101,0.001897
24136130803024,0.001504,-0.011296,0.010417
24136150975159,0.021739,-0.011296,-0.001298
24136171055732,0.022804,-0.000646,-0.006623
24136191227815,0.020674,0.000419,-0.004493
24136211308388,0.000439,0.000419,-0.004493
24136231480524,-0.001691,-0.003841,-0.006623
24136251591618,0.002569,0.000419,0.005092
24136271733232,0.008959,-0.003841,-0.008753
24136291844274,0.001504,-0.009166,-0.008753
24136312016409,0.017479,-0.000646,-0.001298
24136332096982,-0.000626,-0.008101,0.000832
24136352238597,-0.012341,-0.005971,0.006157
24136372349690,0.007894,-0.012361,0.005092
24136392521774,0.010024,-0.011296,0.012547
24136412632868,-0.002756,0.002549,0.001897
24136432774482,-0.018731,0.000419,-0.006623
24136452885576,-0.002756,0.003614,0.002962
24136473057659,0.011089,0.003614,-0.004493
24136493138232,0.028129,-0.001711,-0.013013
24136513310368,0.017479,-0.009166,-0.001298
24136533390940,0.008959,-0.016621,0.000832
24136553563024,-0.010211,-0.004906,0.014677
24136573674118,-0.013406,-0.001711,0.002962
24136593815732,-0.013406,0.010004,-0.000233
24136613926826,-0.011276,-0.007036,-0.002363
24136634068440,0.023869,-0.013426,-0.002363
24136654179482,0.034519,0.003614,0.000832
24136674351618,0.015349,-0.005971,-0.006623
24136694432190,-0.019796,-0.008101,0.007222
24136714604326,-0.025121,-0.010231,0.012547
24136734715368,-0.032576,-0.008101,-0.000233
24136754856982,0.000439,-0.002776,-0.010883
24136774968076,0.024934,0.002549,-0.009818
24136795109690,0.021739,-0.000646,0.000832
24136815220784,0.000439,-0.004906,-0.002363
24136835392868,-0.000626,-0.004906,-0.001298
24136855473440,0.002569,-0.000646,-0.000233
24136875645576,-0.007016,-0.001711,0.011482
24136895756670,-0.035771,-0.008101,0.009352
24136915898232,-0.013406,-0.002776,0.000832
24136936009326,0.018544,-0.001711,-0.004493
24136956150940,0.029194,0.003614,-0.004493
24136976262034,0.000439,-0.005971,0.002962
24136996435003,-0.037901,-0.009166,0.014677
24137016515576,-0.034706,-0.007036,0.002962
24137036687711,0.005764,0.010004,0.008287
24137056798805,0.017479,0.006809,-0.008753
24137076909899,0.015349,-0.004906,-0.003428
24137097051461,-0.013406,-0.007036,-0.004493
24137117193076,-0.027251,-0.014491,0.004027
24137137304170,-0.011276,-0.002776,0.015742
24137157445784,0.008959,-0.012361,0.011482
24137177556826,0.005764,-0.008101,0.011482
24137197728961,-0.018731,0.005744,-0.004493
24137217809534,-0.020861,0.007874,-0.010883
24137237951149,-0.007016,-0.001711,0.002962
24137258092763,0.008959,-0.012361,-0.000233
24137278203805,0.025999,-0.005971,-0.004493
24137298345420,0.030259,-0.002776,-0.007688
24137318487034,0.032389,0.002549,0.007222
24137338598128,0.008959,0.001484,0.006157
24137358739690,-0.026186,-0.003841,0.008287
24137378881305,-0.052811,0.001484,0.011482
24137399022920,-0.034706,-0.010231,0.000832
24137419134013,0.001504,-0.010231,0.012547
24137439306097,0.014284,0.000419,0.000832
24137459386670,-0.000626,-0.000646,-0.008753
24137479558805,0.013219,0.000419,-0.001298
24137499669899,0.010024,-0.001711,0.000832
24137519811513,-0.021926,-0.003841,-0.004493
24137539922555,-0.047486,-0.016621,-0.000233
24137560094690,-0.016601,-0.008101,0.002962
24137580175263,0.027064,-0.001711,-0.001298
24137600347399,0.022804,0.007874,0.006157
24137620427920,-0.017666,-0.001711,-0.000233
24137640600055,-0.015536,-0.004906,0.001897
24137660711149,0.016414,-0.011296,0.004027
24137680852763,-0.000626,-0.000646,0.002962
24137700963857,-0.003821,-0.010231,0.004027
24137721135940,-0.021926,0.001484,0.006157
24137741216513,0.001504,0.002549,0.009352
24137761388649,0.003634,0.005744,-0.001298
24137781469222,-0.004886,-0.014491,-0.008753
24137801641305,-0.028316,-0.007036,0.005092
24137821752399,-0.033641,-0.018751,-0.001298
24137841894013,-0.004886,0.004679,0.002962
24137862005107,0.039844,0.002549,-0.001298
24137882146670,0.023869,-0.016621,0.001897
24137902257763,-0.014471,-0.003841,-0.001298
24137922429899,-0.043226,0.001484,-0.013013
24137942510472,-0.011276,0.002549,-0.005558
24137962652086,0.025999,-0.004906,-0.004493
24137982793649,0.017479,-0.004906,-0.005558
24138002812138,-0.004886,-0.009166,-0.005558
24138022923232,-0.009146,-0.015556,-0.003428
24138043064847,0.012154,0.000419,-0.001298
24138063175888,0.005764,-0.003841,-0.007688
24138083348024,-0.028316,-0.002776,-0.002363
24138103428597,-0.010211,0.001484,0.000832
24138123600732,0.003634,-0.009166,-0.001298
24138143681305,0.004699,-0.013426,0.001897
24138163853388,0.017479,-0.001711,-0.013013
24138183964482,0.032389,0.000419,-0.011948
24138204106097,0.018544,-0.003841,0.005092
24138224217190,-0.015536,-0.014491,0.002962
24138244389274,-0.029381,-0.009166,-0.011948
24138264469847,-0.008081,-0.010231,-0.004493
24138284641982,0.005764,0.000419,-0.004493
24138304722555,0.030259,-0.000646,-0.016208
24138324894638,0.016414,-0.000646,-0.007688
24138345005732,-0.017666,-0.007036,-0.004493
24138365147347,-0.036836,0.005744,0.000832
24138385258440,-0.050681,0.014264,0.012547
24138405430576,-0.068786,0.010004,0.012547
24138425511097,-0.075176,0.002549,0.001897
24138445683232,-0.058136,0.001484,-0.007688
24138465763805,-0.020861,0.005744,-0.017273
24138485935940,0.036649,0.005744,-0.003428
24138506046982,0.027064,0.003614,0.004027
24138526158076,-0.002756,-0.003841,0.001897
24138546299690,-0.030446,0.003614,-0.007688
24138566441305,-0.013406,-0.007036,-0.006623
24138586552399,-0.005951,-0.001711,0.001897
24138606724482,-0.016601,-0.004906,0.001897
24138626835576,-0.034706,-0.000646,0.008287
24138646946670,-0.036836,0.000419,0.002962
24138667088284,0.010024,0.011069,-0.011948
24138687290888,0.019609,-0.005971,-0.018338
24138707218857,-0.034706,-0.001711,-0.009818
24138727177399,-0.069851,-0.000646,-0.009818
24138747318961,0.001504,0.013199,-0.014078
24138767491097,0.035584,-0.003841,-0.009818
24138787663232,0.046234,-0.007036,-0.007688
24138807865836,0.025999,-0.010231,-0.015143
24138828129534,0.000439,-0.015556,-0.017273
24138848271149,0.008959,-0.003841,-0.002363
24138868412711,0.011089,-0.002776,-0.013013
24138888523805,0.022804,0.008939,-0.024728
24138908665420,0.008959,0.004679,-0.019403
24138928776513,-0.041096,0.010004,-0.009818
24138948948597,-0.059201,0.016394,-0.019403
24138969029170,-0.030446,0.015329,-0.033248
24138989201305,0.047299,0.028109,-0.039638
24139009523961,0.094159,0.037694,-0.051353
24139029665576,0.100549,0.034499,-0.030053
24139049776618,0.025999,-0.009166,-0.013013
24139069918232,-0.029381,-0.014491,-0.000233
24139090029326,-0.046421,-0.013426,-0.007688
24139110201461,0.012154,-0.002776,-0.003428
24139130281982,0.065404,0.006809,0.001897
24139150454118,0.068599,0.002549,-0.008753
24139170565211,0.019609,-0.008101,-0.015143
24139190706826,-0.022991,-0.015556,-0.016208
24139210817920,-0.020861,-0.001711,-0.014078
24139230990003,0.032389,0.002549,-0.006623
24139251070576,0.047299,0.003614,-0.003428
24139271242711,-0.021926,-0.010231,-0.004493
24139291323284,-0.115646,-0.017686,-0.001298
24139311495368,-0.093281,-0.014491,-0.004493
24139331606461,0.019609,0.001484,-0.005558
24139351748076,0.061144,0.019589,-0.008753
24139371859170,-0.031511,0.020654,-0.011948
24139392031253,-0.150791,0.002549,-0.001298
24139412111826,-0.175286,0.003614,0.018937
24139432283961,-0.104996,0.010004,0.011482
24139452364534,-0.069851,0.027044,-0.016208
24139472536670,-0.087956,0.027044,-0.027923
24139492647711,-0.052811,0.034499,-0.026858
24139512789326,0.006829,0.034499,-0.033248
24139532900420,0.027064,0.033434,-0.021533
24139553042034,0.020674,0.020654,-0.006623
24139573153076,-0.065591,-0.009166,0.020002
24139593325211,-0.119906,-0.033661,0.043432
24139613405784,-0.096476,-0.040051,0.037042
24139633577920,-0.025121,0.006809,0.004027
24139653658493,0.068599,0.038759,-0.040703
24139673830576,0.101614,0.033434,-0.046028
24139693941670,0.061144,0.021719,-0.014078
24139714083284,-0.004886,-0.002776,-0.002363
24139734194378,-0.058136,-0.020881,0.001897
24139754366461,-0.071981,-0.030466,0.013612
24139774447034,-0.060266,-0.019816,0.013612
24139794619170,-0.053876,0.012134,0.005092
24139814730263,-0.074111,0.031304,0.001897
24139834871826,-0.095411,0.022784,-0.002363
24139854982920,-0.085826,0.015329,-0.003428
24139875124534,-0.053876,0.004679,-0.007688
24139895235628,-0.061331,0.001484,0.005092
24139915407763,-0.109256,-0.011296,0.008287
24139935488284,-0.116711,-0.012361,0.011482
24139955660420,-0.037901,-0.004906,-0.014078
24139975771513,0.044104,0.016394,-0.022598
24139995913128,0.077119,0.035564,-0.032183
24140016084274,0.014284,0.003614,-0.017273
24140036225888,-0.075176,-0.012361,0.010417
24140056336982,-0.078371,-0.005971,0.011482
24140076509118,-0.015536,0.001484,0.000832
24140096589690,0.006829,0.013199,0.006157
24140116731253,-0.015536,0.008939,0.002962
24140136842347,-0.049616,-0.004906,0.004027
24140156983961,-0.040031,-0.005971,0.006157
24140177125576,-0.012341,0.003614,0.001897
24140197236618,0.003634,0.016394,-0.007688
24140217408753,0.030259,-0.009166,-0.016208
24140237519847,0.036649,-0.009166,-0.011948
24140257630940,0.031324,-0.009166,-0.015143
24140277772555,-0.012341,-0.008101,-0.010883
24140297883597,-0.061331,-0.013426,0.000832
24140318025211,-0.087956,-0.020881,-0.000233
24140338166826,-0.042161,-0.009166,-0.002363
24140358277920,-0.009146,0.005744,-0.000233
24140378419482,-0.026186,0.003614,-0.008753
24140398561097,-0.029381,0.003614,-0.001298
24140418702711,-0.012341,0.003614,-0.013013
24140438844326,0.018544,0.007874,-0.016208
24140458955368,0.010024,0.017459,-0.016208
24140479096982,-0.028316,-0.001711,-0.005558
24140499208076,-0.016601,-0.002776,0.013612
24140519380211,-0.014471,-0.013426,0.018937
24140539460784,-0.010211,-0.013426,0.030652
24140559602347,-0.042161,-0.011296,0.025327
24140579743961,-0.031511,-0.011296,0.002962
24140599885576,0.023869,0.006809,-0.011948
24140619996670,0.073924,0.012134,-0.021533
24140640138232,0.083509,0.002549,-0.021533
24140660249326,0.050494,-0.009166,-0.016208
24140680421461,0.033454,-0.017686,-0.003428
24140700502034,0.003634,-0.002776,0.002962
24140720674118,-0.016601,0.005744,-0.004493
24140740785211,-0.046421,0.004679,0.014677
24140760926826,-0.037901,-0.008101,0.011482
24140781037920,-0.030446,-0.015556,0.018937
24140801210055,-0.028316,-0.017686,0.009352
24140821290576,-0.022991,0.000419,-0.003428
24140841462711,-0.007016,0.002549,-0.013013
24140861543284,0.023869,0.003614,-0.009818
24140881715420,0.025999,0.008939,-0.006623
24140901826461,0.014284,0.005744,-0.008753
24140921968076,0.013219,-0.010231,0.004027
24140942079170,0.029194,-0.001711,0.004027
24140962251305,0.036649,0.006809,0.001897
24140982331878,0.008959,-0.002776,0.008287
24141002503961,-0.037901,-0.011296,0.018937
24141022876305,-0.049616,-0.013426,0.012547
24141043017920,-0.048551,0.003614,0.005092
24141063129013,-0.029381,0.010004,-0.011948
24141083270576,0.017479,0.021719,-0.019403
24141103381670,0.086704,0.041954,-0.024728
24141123553805,0.113329,0.037694,-0.023663
24141143634378,0.053689,0.008939,0.006157
24141163806461,-0.052811,-0.011296,0.033847
24141183887034,-0.082631,-0.033661,0.028522
24141204059170,-0.016601,-0.025141,0.012547
24141224170263,0.037714,0.021719,-0.019403
24141244311878,-0.035771,0.049409,-0.028988
24141264422920,-0.073046,0.022784,-0.017273
24141284564534,-0.136946,0.006809,0.009352
24141304675628,-0.024056,-0.003841,0.005092
24141324847763,-0.012341,0.002549,-0.001298
24141344928336,0.006829,-0.015556,-0.001298
24141365100420,0.022804,-0.018751,0.005092
24141385211513,0.048364,0.000419,0.002962
24141405353128,0.065404,0.024914,-0.009818
24141425464222,0.060079,0.023849,-0.010883
24141445636305,-0.004886,-0.000646,0.011482
24141465716878,-0.043226,-0.027271,0.013612
24141485889013,-0.022991,-0.018751,0.011482
24141505969586,0.032389,0.003614,-0.005558
24141526141670,0.037714,0.007874,-0.011948
24141546252763,0.013219,0.006809,-0.000233
24141566363857,-0.025121,-0.016621,0.005092
24141586505472,-0.057071,-0.028336,0.012547
24141606647086,-0.036836,-0.024076,0.007222
24141626758128,-0.011276,-0.018751,0.008287
24141646930263,0.006829,-0.013426,0.011482
24141667041357,-0.003821,-0.017686,0.012547
24141687152451,-0.036836,-0.023011,0.011482
24141707294013,-0.034706,-0.020881,0.011482
24141727405107,-0.021926,-0.026206,-0.000233
24141747546722,0.046234,-0.010231,-0.004493
24141767657815,0.077119,0.004679,-0.009818
24141787799430,0.084574,0.004679,-0.003428
24141807940993,0.037714,-0.011296,0.009352
24141828052086,-0.041096,-0.015556,0.017872
24141848193701,-0.063461,-0.013426,0.008287
24141868335315,-0.010211,-0.004906,-0.003428
24141888507399,0.059014,0.004679,-0.002363
24141908557451,0.051559,0.011069,-0.007688
24141928760107,0.001504,0.000419,-0.005558
24141948840680,-0.033641,-0.013426,-0.000233
24141969012763,-0.021926,-0.004906,0.006157
24141989123857,0.001504,0.006809,0.007222
24142009265472,-0.005951,0.006809,0.001897
24142029369638,-0.011276,-0.007036,0.010417
24142049541722,-0.008081,0.001484,0.007222
24142069622295,-0.007016,0.007874,-0.007688
24142089794430,-0.003821,0.002549,-0.002363
24142109875003,-0.002756,-0.005971,-0.000233
24142130047138,0.002569,0.012134,0.000832
24142150158180,0.046234,0.005744,-0.014078
24142170299795,0.073924,-0.005971,0.008287
24142190410888,0.069664,-0.013426,0.020002
24142210583024,0.037714,-0.013426,0.020002
24142230663597,-0.000626,-0.004906,0.007222
24142250835680,0.010024,0.005744,-0.005558
24142270916253,0.074989,0.008939,-0.013013
24142291088388,0.133564,0.006809,-0.009818
24142311199482,0.108004,-0.012361,-0.021533
24142331341045,0.030259,-0.012361,-0.018338
24142351452138,-0.001691,-0.018751,-0.017273
24142371624274,0.030259,-0.016621,0.001897
24142391704847,0.069664,-0.000646,0.005092
24142411876930,0.038779,0.002549,-0.001298
24142431957503,0.016414,-0.013426,0.007222
24142452129638,0.018544,-0.021946,0.010417
24142472240732,0.018544,-0.024076,0.002962
24142492382347,0.016414,-0.028336,0.001897
24142512493388,0.032389,-0.013426,0.000832
24142532665524,0.045169,-0.010231,-0.001298
24142552746097,0.082444,-0.009166,-0.005558
24142572918232,0.098419,0.001484,-0.004493
24142592998753,0.055819,-0.011296,0.000832
24142613170888,0.006829,-0.017686,0.007222
24142633281982,0.002569,-0.021946,0.009352
24142653423597,0.040909,-0.005971,0.005092
24142673534690,0.039844,-0.004906,0.001897
24142693706774,0.025999,-0.013426,-0.000233
24142713787347,0.011089,-0.014491,0.001897
24142733959482,-0.011276,-0.011296,0.001897
24142754040055,-0.017666,-0.000646,0.002962
24142774212138,-0.008081,-0.004906,-0.005558
24142794323232,0.019609,0.004679,0.004027
24142814464847,0.014284,0.000419,0.002962
24142834575940,0.017479,-0.009166,-0.005558
24142854748024,-0.000626,-0.012361,-0.005558
24142874828597,0.007894,-0.008101,0.001897
24142895000732,0.013219,-0.001711,0.014677
24142915081305,0.016414,-0.002776,0.017872
24142935253440,-0.008081,-0.018751,0.020002
24142955364482,-0.040031,-0.016621,0.021067
24142975506097,-0.033641,-0.016621,0.016807
24142995617190,-0.002756,-0.000646,-0.007688
24143015789326,0.039844,0.003614,-0.016208
24143035883440,0.074989,0.011069,-0.016208
24143056055576,0.066469,0.011069,-0.014078
24143076166670,0.041974,-0.004906,-0.002363
24143096308284,-0.000626,-0.007036,0.014677
24143116419378,-0.034706,-0.004906,0.015742
24143136560940,-0.062396,-0.010231,0.014677
24143156672034,-0.053876,-0.015556,0.015742
24143176813649,-0.009146,-0.007036,0.006157
24143196924743,0.016414,0.002549,-0.008753
24143217066305,0.012154,-0.008101,-0.015143
24143237207920,0.017479,-0.000646,-0.009818
24143257349534,0.017479,0.000419,-0.005558
24143277460628,0.005764,-0.003841,-0.000233
24143297571722,-0.008081,-0.012361,0.006157
24143317774326,-0.008081,-0.009166,0.004027
24143337763336,0.004699,0.008939,0.005092
24143357752347,0.024934,-0.000646,-0.006623
24143377924482,0.033454,0.002549,-0.001298
24143398005055,-0.003821,-0.005971,-0.002363
24143418116149,-0.037901,-0.015556,-0.000233
24143438227190,-0.010211,-0.001711,0.000832
24143458399326,0.014284,0.001484,-0.006623
24143478571461,0.038779,0.003614,0.001897
24143498774065,0.010024,-0.003841,0.008287
24143519007243,-0.041096,-0.012361,0.008287
24143539148857,-0.043226,-0.005971,0.007222
24143559320940,0.007894,-0.007036,-0.008753
24143579401513,0.051559,0.008939,-0.014078
24143599573649,0.027064,0.001484,-0.006623
24143619684743,-0.013406,-0.004906,0.010417
24143639826357,-0.012341,0.002549,0.026392
24143659937399,-0.001691,-0.008101,0.018937
24143680109534,-0.015536,-0.001711,0.028522
24143700190107,-0.078371,0.017459,0.049822
24143720362243,-0.082631,0.021719,0.038107
24143740564847,-0.028316,0.032369,0.051952
24143760523336,-0.065591,0.055799,0.072187
24143780481878,-0.026186,0.144194,0.112657
24143800562399,-0.056006,0.177209,0.145672
24143820673493,-0.313736,0.148454,0.121177
24143840845628,-0.477746,0.145259,0.138217
24143861048284,-0.506501,0.119699,0.126502
24143881281409,-0.140141,0.122894,0.071122
24143901545107,0.401944,0.146324,0.048757
24143921625628,0.243259,0.286904,-0.053483
24143941797763,0.159124,0.269864,-0.227078
24143961878336,0.019609,0.159104,-0.157853
24143982050472,0.502054,0.160169,-0.064133
24144002161565,0.651154,0.431744,-0.096083
24144022303128,0.396619,0.570194,-0.284588
24144042618857,0.138889,0.557414,-0.288848
24144062790993,0.152734,0.433874,-0.141878
24144082871565,0.336979,0.410444,-0.125903
24144103043649,0.472234,0.502034,-0.268613
24144123124222,0.296509,0.507359,-0.329318
24144143296357,0.050494,0.388079,-0.231338
24144163407451,0.001504,0.309269,-0.138683
24144183549013,0.113329,0.279449,-0.150398
24144203660107,0.152734,0.284774,-0.153593
24144223801722,0.118654,0.355064,-0.112058
24144243912815,0.165514,0.240044,-0.093953
24144264084951,-0.084761,-0.148681,0.064732
24144284165472,-0.028316,0.065384,0.266017
24144304337607,-0.059201,0.102659,0.214897
24144324448701,0.021739,0.030239,0.158452
24144344590315,-0.022991,-0.001711,0.211702
24144364701357,-0.132686,0.069644,0.163777
24144384842972,-0.031511,0.227264,-0.051353
24144404954065,0.062209,0.306074,-0.197258
24144425126201,0.088834,0.326309,-0.211103
24144445206774,0.047299,0.265604,-0.175958
24144465378857,0.163384,0.204899,-0.134423
24144485489951,0.291184,0.169754,-0.126968
24144505631565,0.336979,0.140999,-0.117383
24144525742659,0.281599,0.080294,-0.071588
24144545884222,0.256039,0.020654,-0.010883
24144565995315,0.179359,-0.048571,0.065797
24144586136930,0.290119,-0.007036,0.079642
24144606248024,0.388099,0.078164,0.043432
24144626389638,0.231544,0.089879,0.018937
24144646531201,-0.057071,0.039824,-0.009818
24144666642295,-0.305216,-0.008101,0.020002
24144686814430,-0.174221,0.061124,0.222352
24144706925524,-0.185936,-0.007036,-0.004493
24144727036565,-0.189131,0.030239,-0.035378
24144747178180,0.086704,0.107984,-0.073718
24144767289274,0.089899,0.017459,0.064732
24144787430888,-0.482006,0.112244,0.295837
24144807572451,-0.524606,0.180404,0.044497
24144827683545,-0.321191,0.171884,0.122242
24144847825159,0.298639,0.073904,0.098812
24144867966774,0.536134,-0.005971,0.217027
24144888077868,0.121849,0.024914,0.313942
